MapDate,FIPS,County,State,None,D0,D1,D2,D3,D4,ValidStart,ValidEnd,StatisticFormatID
20260714,46102,Oglala Lakota County,SD,0.00,100.00,100.00,97.83,18.48,0.00,2026-07-14,2026-07-20,1
20260707,46102,Oglala Lakota County,SD,0.00,100.00,100.00,97.83,18.48,0.00,2026-07-07,2026-07-13,1
20260630,46102,Oglala Lakota County,SD,0.00,100.00,100.00,97.83,18.48,0.00,2026-06-30,2026-07-06,1
20260623,46102,Oglala Lakota County,SD,0.00,100.00,100.00,97.83,34.58,0.00,2026-06-23,2026-06-29,1
20260616,46102,Oglala Lakota County,SD,0.00,100.00,100.00,97.83,34.58,0.00,2026-06-16,2026-06-22,1
20260609,46102,Oglala Lakota County,SD,0.00,100.00,100.00,97.83,34.58,0.00,2026-06-09,2026-06-15,1
20260602,46102,Oglala Lakota County,SD,0.00,100.00,100.00,97.83,34.58,0.00,2026-06-02,2026-06-08,1
20260526,46102,Oglala Lakota County,SD,0.00,100.00,100.00,100.00,97.57,0.00,2026-05-26,2026-06-01,1
20260519,46102,Oglala Lakota County,SD,0.00,100.00,100.00,100.00,97.57,0.00,2026-05-19,2026-05-25,1
20260512,46102,Oglala Lakota County,SD,0.00,100.00,100.00,100.00,97.57,0.00,2026-05-12,2026-05-18,1
20260505,46102,Oglala Lakota County,SD,0.00,100.00,100.00,100.00,82.63,0.00,2026-05-05,2026-05-11,1
20260428,46102,Oglala Lakota County,SD,0.00,100.00,100.00,100.00,82.63,0.00,2026-04-28,2026-05-04,1
20260421,46102,Oglala Lakota County,SD,0.00,100.00,100.00,100.00,82.63,0.00,2026-04-21,2026-04-27,1
20260414,46102,Oglala Lakota County,SD,0.00,100.00,100.00,100.00,82.63,0.00,2026-04-14,2026-04-20,1
20260407,46102,Oglala Lakota County,SD,0.00,100.00,100.00,100.00,72.26,0.00,2026-04-07,2026-04-13,1
20260331,46102,Oglala Lakota County,SD,0.00,100.00,100.00,100.00,24.62,0.00,2026-03-31,2026-04-06,1
20260324,46102,Oglala Lakota County,SD,0.00,100.00,100.00,94.10,0.00,0.00,2026-03-24,2026-03-30,1
20260317,46102,Oglala Lakota County,SD,0.00,100.00,100.00,90.37,0.00,0.00,2026-03-17,2026-03-23,1
20260310,46102,Oglala Lakota County,SD,0.00,100.00,100.00,0.00,0.00,0.00,2026-03-10,2026-03-16,1
20260303,46102,Oglala Lakota County,SD,0.00,100.00,100.00,0.00,0.00,0.00,2026-03-03,2026-03-09,1
20260224,46102,Oglala Lakota County,SD,0.00,100.00,100.00,0.00,0.00,0.00,2026-02-24,2026-03-02,1
20260217,46102,Oglala Lakota County,SD,0.00,100.00,46.19,0.00,0.00,0.00,2026-02-17,2026-02-23,1
20260210,46102,Oglala Lakota County,SD,0.00,100.00,46.19,0.00,0.00,0.00,2026-02-10,2026-02-16,1
20260203,46102,Oglala Lakota County,SD,0.00,100.00,0.00,0.00,0.00,0.00,2026-02-03,2026-02-09,1
20260127,46102,Oglala Lakota County,SD,0.00,100.00,0.00,0.00,0.00,0.00,2026-01-27,2026-02-02,1
20260120,46102,Oglala Lakota County,SD,0.27,99.73,0.00,0.00,0.00,0.00,2026-01-20,2026-01-26,1
20260113,46102,Oglala Lakota County,SD,0.27,99.73,0.00,0.00,0.00,0.00,2026-01-13,2026-01-19,1
20260106,46102,Oglala Lakota County,SD,0.79,99.21,0.00,0.00,0.00,0.00,2026-01-06,2026-01-12,1
20251230,46102,Oglala Lakota County,SD,0.79,99.21,0.00,0.00,0.00,0.00,2025-12-30,2026-01-05,1
20251223,46102,Oglala Lakota County,SD,0.79,99.21,0.00,0.00,0.00,0.00,2025-12-23,2025-12-29,1
20251216,46102,Oglala Lakota County,SD,0.79,99.21,0.00,0.00,0.00,0.00,2025-12-16,2025-12-22,1
20251209,46102,Oglala Lakota County,SD,0.79,99.21,0.00,0.00,0.00,0.00,2025-12-09,2025-12-15,1
20251202,46102,Oglala Lakota County,SD,0.79,99.21,0.00,0.00,0.00,0.00,2025-12-02,2025-12-08,1
20251125,46102,Oglala Lakota County,SD,0.79,99.21,0.00,0.00,0.00,0.00,2025-11-25,2025-12-01,1
20251118,46102,Oglala Lakota County,SD,0.79,99.21,0.00,0.00,0.00,0.00,2025-11-18,2025-11-24,1
20251111,46102,Oglala Lakota County,SD,4.04,95.96,0.00,0.00,0.00,0.00,2025-11-11,2025-11-17,1
20251104,46102,Oglala Lakota County,SD,4.02,95.98,0.00,0.00,0.00,0.00,2025-11-04,2025-11-10,1
20251028,46102,Oglala Lakota County,SD,4.02,95.98,0.00,0.00,0.00,0.00,2025-10-28,2025-11-03,1
20251021,46102,Oglala Lakota County,SD,4.02,95.98,0.00,0.00,0.00,0.00,2025-10-21,2025-10-27,1
20251014,46102,Oglala Lakota County,SD,4.02,95.98,0.00,0.00,0.00,0.00,2025-10-14,2025-10-20,1
20251007,46102,Oglala Lakota County,SD,4.58,95.42,0.00,0.00,0.00,0.00,2025-10-07,2025-10-13,1
20250930,46102,Oglala Lakota County,SD,4.58,95.42,0.00,0.00,0.00,0.00,2025-09-30,2025-10-06,1
20250923,46102,Oglala Lakota County,SD,4.58,95.42,0.00,0.00,0.00,0.00,2025-09-23,2025-09-29,1
20250916,46102,Oglala Lakota County,SD,4.29,95.71,42.27,0.00,0.00,0.00,2025-09-16,2025-09-22,1
20250909,46102,Oglala Lakota County,SD,4.29,95.71,42.27,0.00,0.00,0.00,2025-09-09,2025-09-15,1
20250902,46102,Oglala Lakota County,SD,4.29,95.71,42.27,0.00,0.00,0.00,2025-09-02,2025-09-08,1
20250826,46102,Oglala Lakota County,SD,4.29,95.71,1.56,0.00,0.00,0.00,2025-08-26,2025-09-01,1
20250819,46102,Oglala Lakota County,SD,19.02,80.98,0.51,0.00,0.00,0.00,2025-08-19,2025-08-25,1
20250812,46102,Oglala Lakota County,SD,19.02,80.98,0.51,0.00,0.00,0.00,2025-08-12,2025-08-18,1
20250805,46102,Oglala Lakota County,SD,19.02,80.98,0.51,0.00,0.00,0.00,2025-08-05,2025-08-11,1
20250729,46102,Oglala Lakota County,SD,19.02,80.98,0.51,0.00,0.00,0.00,2025-07-29,2025-08-04,1
20250722,46102,Oglala Lakota County,SD,16.55,83.45,37.28,0.00,0.00,0.00,2025-07-22,2025-07-28,1
20250715,46102,Oglala Lakota County,SD,16.55,83.45,50.31,0.00,0.00,0.00,2025-07-15,2025-07-21,1
20250708,46102,Oglala Lakota County,SD,0.00,100.00,50.31,0.00,0.00,0.00,2025-07-08,2025-07-14,1
20250701,46102,Oglala Lakota County,SD,0.00,100.00,99.86,0.00,0.00,0.00,2025-07-01,2025-07-07,1
20250624,46102,Oglala Lakota County,SD,0.00,100.00,100.00,50.27,0.00,0.00,2025-06-24,2025-06-30,1
20250617,46102,Oglala Lakota County,SD,0.00,100.00,100.00,50.27,0.00,0.00,2025-06-17,2025-06-23,1
20250610,46102,Oglala Lakota County,SD,0.00,100.00,100.00,53.60,0.00,0.00,2025-06-10,2025-06-16,1
20250603,46102,Oglala Lakota County,SD,0.00,100.00,100.00,55.33,0.00,0.00,2025-06-03,2025-06-09,1
20250527,46102,Oglala Lakota County,SD,0.00,100.00,100.00,55.33,0.00,0.00,2025-05-27,2025-06-02,1
20250520,46102,Oglala Lakota County,SD,0.00,100.00,100.00,93.57,1.75,0.00,2025-05-20,2025-05-26,1
20250513,46102,Oglala Lakota County,SD,0.00,100.00,100.00,93.57,30.89,0.00,2025-05-13,2025-05-19,1
20250506,46102,Oglala Lakota County,SD,0.00,100.00,100.00,93.57,30.89,0.00,2025-05-06,2025-05-12,1
20250429,46102,Oglala Lakota County,SD,0.00,100.00,100.00,93.57,30.89,0.00,2025-04-29,2025-05-05,1
20250422,46102,Oglala Lakota County,SD,0.00,100.00,100.00,100.00,30.92,0.00,2025-04-22,2025-04-28,1
20250415,46102,Oglala Lakota County,SD,0.00,100.00,100.00,100.00,30.92,0.00,2025-04-15,2025-04-21,1
20250408,46102,Oglala Lakota County,SD,0.00,100.00,100.00,100.00,30.92,0.00,2025-04-08,2025-04-14,1
20250401,46102,Oglala Lakota County,SD,0.00,100.00,100.00,100.00,91.67,0.00,2025-04-01,2025-04-07,1
20250325,46102,Oglala Lakota County,SD,0.00,100.00,100.00,100.00,91.67,0.00,2025-03-25,2025-03-31,1
20250318,46102,Oglala Lakota County,SD,0.00,100.00,100.00,100.00,91.67,0.00,2025-03-18,2025-03-24,1
20250311,46102,Oglala Lakota County,SD,0.00,100.00,100.00,100.00,91.67,0.00,2025-03-11,2025-03-17,1
20250304,46102,Oglala Lakota County,SD,0.00,100.00,100.00,100.00,91.67,0.00,2025-03-04,2025-03-10,1
20250225,46102,Oglala Lakota County,SD,0.00,100.00,100.00,100.00,91.67,0.00,2025-02-25,2025-03-03,1
20250218,46102,Oglala Lakota County,SD,0.00,100.00,100.00,100.00,91.67,0.00,2025-02-18,2025-02-24,1
20250211,46102,Oglala Lakota County,SD,0.00,100.00,100.00,100.00,91.67,0.00,2025-02-11,2025-02-17,1
20250204,46102,Oglala Lakota County,SD,0.00,100.00,100.00,100.00,91.67,0.00,2025-02-04,2025-02-10,1
20250128,46102,Oglala Lakota County,SD,0.00,100.00,100.00,100.00,13.59,0.00,2025-01-28,2025-02-03,1
20250121,46102,Oglala Lakota County,SD,0.00,100.00,100.00,100.00,13.59,0.00,2025-01-21,2025-01-27,1
20250114,46102,Oglala Lakota County,SD,0.00,100.00,100.00,100.00,13.59,0.00,2025-01-14,2025-01-20,1
20250107,46102,Oglala Lakota County,SD,0.00,100.00,100.00,100.00,13.59,0.00,2025-01-07,2025-01-13,1
20241231,46102,Oglala Lakota County,SD,0.00,100.00,100.00,100.00,13.59,0.00,2024-12-31,2025-01-06,1
20241224,46102,Oglala Lakota County,SD,0.00,100.00,100.00,100.00,11.94,0.00,2024-12-24,2024-12-30,1
20241217,46102,Oglala Lakota County,SD,0.00,100.00,100.00,100.00,11.94,0.00,2024-12-17,2024-12-23,1
20241210,46102,Oglala Lakota County,SD,0.00,100.00,100.00,100.00,11.94,0.00,2024-12-10,2024-12-16,1
20241203,46102,Oglala Lakota County,SD,0.00,100.00,100.00,100.00,11.94,0.00,2024-12-03,2024-12-09,1
20241126,46102,Oglala Lakota County,SD,0.00,100.00,100.00,100.00,11.94,0.00,2024-11-26,2024-12-02,1
20241119,46102,Oglala Lakota County,SD,0.00,100.00,100.00,100.00,11.94,0.00,2024-11-19,2024-11-25,1
20241112,46102,Oglala Lakota County,SD,0.00,100.00,100.00,100.00,11.94,0.00,2024-11-12,2024-11-18,1
20241105,46102,Oglala Lakota County,SD,0.00,100.00,100.00,100.00,11.94,0.00,2024-11-05,2024-11-11,1
20241029,46102,Oglala Lakota County,SD,0.00,100.00,100.00,100.00,11.94,0.00,2024-10-29,2024-11-04,1
20241022,46102,Oglala Lakota County,SD,0.00,100.00,100.00,100.00,0.00,0.00,2024-10-22,2024-10-28,1
20241015,46102,Oglala Lakota County,SD,0.00,100.00,100.00,100.00,0.00,0.00,2024-10-15,2024-10-21,1
20241008,46102,Oglala Lakota County,SD,0.00,100.00,100.00,89.13,0.00,0.00,2024-10-08,2024-10-14,1
20241001,46102,Oglala Lakota County,SD,0.00,100.00,100.00,24.29,0.00,0.00,2024-10-01,2024-10-07,1
20240924,46102,Oglala Lakota County,SD,0.00,100.00,100.00,24.29,0.00,0.00,2024-09-24,2024-09-30,1
20240917,46102,Oglala Lakota County,SD,0.00,100.00,100.00,24.29,0.00,0.00,2024-09-17,2024-09-23,1
20240910,46102,Oglala Lakota County,SD,0.00,100.00,100.00,17.45,0.00,0.00,2024-09-10,2024-09-16,1
20240903,46102,Oglala Lakota County,SD,0.00,100.00,100.00,17.45,0.00,0.00,2024-09-03,2024-09-09,1
20240827,46102,Oglala Lakota County,SD,0.00,100.00,87.85,4.14,0.00,0.00,2024-08-27,2024-09-02,1
20240820,46102,Oglala Lakota County,SD,0.00,100.00,87.85,4.14,0.00,0.00,2024-08-20,2024-08-26,1
20240813,46102,Oglala Lakota County,SD,0.00,100.00,86.55,4.14,0.00,0.00,2024-08-13,2024-08-19,1
20240806,46102,Oglala Lakota County,SD,0.00,100.00,86.55,4.14,0.00,0.00,2024-08-06,2024-08-12,1
20240730,46102,Oglala Lakota County,SD,4.81,95.19,29.97,0.00,0.00,0.00,2024-07-30,2024-08-05,1
20240723,46102,Oglala Lakota County,SD,13.17,86.83,29.97,0.00,0.00,0.00,2024-07-23,2024-07-29,1
20240716,46102,Oglala Lakota County,SD,13.17,86.83,2.81,0.00,0.00,0.00,2024-07-16,2024-07-22,1
20240709,46102,Oglala Lakota County,SD,15.04,84.96,0.00,0.00,0.00,0.00,2024-07-09,2024-07-15,1
20240702,46102,Oglala Lakota County,SD,15.04,84.96,0.00,0.00,0.00,0.00,2024-07-02,2024-07-08,1
20240625,46102,Oglala Lakota County,SD,94.47,5.53,0.00,0.00,0.00,0.00,2024-06-25,2024-07-01,1
20240618,46102,Oglala Lakota County,SD,100.00,0.00,0.00,0.00,0.00,0.00,2024-06-18,2024-06-24,1
20240611,46102,Oglala Lakota County,SD,100.00,0.00,0.00,0.00,0.00,0.00,2024-06-11,2024-06-17,1
20240604,46102,Oglala Lakota County,SD,100.00,0.00,0.00,0.00,0.00,0.00,2024-06-04,2024-06-10,1
20240528,46102,Oglala Lakota County,SD,100.00,0.00,0.00,0.00,0.00,0.00,2024-05-28,2024-06-03,1
20240521,46102,Oglala Lakota County,SD,100.00,0.00,0.00,0.00,0.00,0.00,2024-05-21,2024-05-27,1
20240514,46102,Oglala Lakota County,SD,100.00,0.00,0.00,0.00,0.00,0.00,2024-05-14,2024-05-20,1
20240507,46102,Oglala Lakota County,SD,100.00,0.00,0.00,0.00,0.00,0.00,2024-05-07,2024-05-13,1
20240430,46102,Oglala Lakota County,SD,100.00,0.00,0.00,0.00,0.00,0.00,2024-04-30,2024-05-06,1
20240423,46102,Oglala Lakota County,SD,100.00,0.00,0.00,0.00,0.00,0.00,2024-04-23,2024-04-29,1
20240416,46102,Oglala Lakota County,SD,100.00,0.00,0.00,0.00,0.00,0.00,2024-04-16,2024-04-22,1
20240409,46102,Oglala Lakota County,SD,100.00,0.00,0.00,0.00,0.00,0.00,2024-04-09,2024-04-15,1
20240402,46102,Oglala Lakota County,SD,100.00,0.00,0.00,0.00,0.00,0.00,2024-04-02,2024-04-08,1
20240326,46102,Oglala Lakota County,SD,100.00,0.00,0.00,0.00,0.00,0.00,2024-03-26,2024-04-01,1
20240319,46102,Oglala Lakota County,SD,100.00,0.00,0.00,0.00,0.00,0.00,2024-03-19,2024-03-25,1
20240312,46102,Oglala Lakota County,SD,100.00,0.00,0.00,0.00,0.00,0.00,2024-03-12,2024-03-18,1
20240305,46102,Oglala Lakota County,SD,100.00,0.00,0.00,0.00,0.00,0.00,2024-03-05,2024-03-11,1
20240227,46102,Oglala Lakota County,SD,100.00,0.00,0.00,0.00,0.00,0.00,2024-02-27,2024-03-04,1
20240220,46102,Oglala Lakota County,SD,100.00,0.00,0.00,0.00,0.00,0.00,2024-02-20,2024-02-26,1
20240213,46102,Oglala Lakota County,SD,100.00,0.00,0.00,0.00,0.00,0.00,2024-02-13,2024-02-19,1
20240206,46102,Oglala Lakota County,SD,100.00,0.00,0.00,0.00,0.00,0.00,2024-02-06,2024-02-12,1
20240130,46102,Oglala Lakota County,SD,100.00,0.00,0.00,0.00,0.00,0.00,2024-01-30,2024-02-05,1
20240123,46102,Oglala Lakota County,SD,100.00,0.00,0.00,0.00,0.00,0.00,2024-01-23,2024-01-29,1
20240116,46102,Oglala Lakota County,SD,100.00,0.00,0.00,0.00,0.00,0.00,2024-01-16,2024-01-22,1
20240109,46102,Oglala Lakota County,SD,100.00,0.00,0.00,0.00,0.00,0.00,2024-01-09,2024-01-15,1
20240102,46102,Oglala Lakota County,SD,100.00,0.00,0.00,0.00,0.00,0.00,2024-01-02,2024-01-08,1
20231226,46102,Oglala Lakota County,SD,100.00,0.00,0.00,0.00,0.00,0.00,2023-12-26,2024-01-01,1
20231219,46102,Oglala Lakota County,SD,100.00,0.00,0.00,0.00,0.00,0.00,2023-12-19,2023-12-25,1
20231212,46102,Oglala Lakota County,SD,100.00,0.00,0.00,0.00,0.00,0.00,2023-12-12,2023-12-18,1
20231205,46102,Oglala Lakota County,SD,100.00,0.00,0.00,0.00,0.00,0.00,2023-12-05,2023-12-11,1
20231128,46102,Oglala Lakota County,SD,100.00,0.00,0.00,0.00,0.00,0.00,2023-11-28,2023-12-04,1
20231121,46102,Oglala Lakota County,SD,100.00,0.00,0.00,0.00,0.00,0.00,2023-11-21,2023-11-27,1
20231114,46102,Oglala Lakota County,SD,100.00,0.00,0.00,0.00,0.00,0.00,2023-11-14,2023-11-20,1
20231107,46102,Oglala Lakota County,SD,100.00,0.00,0.00,0.00,0.00,0.00,2023-11-07,2023-11-13,1
20231031,46102,Oglala Lakota County,SD,100.00,0.00,0.00,0.00,0.00,0.00,2023-10-31,2023-11-06,1
20231024,46102,Oglala Lakota County,SD,100.00,0.00,0.00,0.00,0.00,0.00,2023-10-24,2023-10-30,1
20231017,46102,Oglala Lakota County,SD,100.00,0.00,0.00,0.00,0.00,0.00,2023-10-17,2023-10-23,1
20231010,46102,Oglala Lakota County,SD,100.00,0.00,0.00,0.00,0.00,0.00,2023-10-10,2023-10-16,1
20231003,46102,Oglala Lakota County,SD,100.00,0.00,0.00,0.00,0.00,0.00,2023-10-03,2023-10-09,1
20230926,46102,Oglala Lakota County,SD,100.00,0.00,0.00,0.00,0.00,0.00,2023-09-26,2023-10-02,1
20230919,46102,Oglala Lakota County,SD,100.00,0.00,0.00,0.00,0.00,0.00,2023-09-19,2023-09-25,1
20230912,46102,Oglala Lakota County,SD,100.00,0.00,0.00,0.00,0.00,0.00,2023-09-12,2023-09-18,1
20230905,46102,Oglala Lakota County,SD,100.00,0.00,0.00,0.00,0.00,0.00,2023-09-05,2023-09-11,1
20230829,46102,Oglala Lakota County,SD,100.00,0.00,0.00,0.00,0.00,0.00,2023-08-29,2023-09-04,1
20230822,46102,Oglala Lakota County,SD,100.00,0.00,0.00,0.00,0.00,0.00,2023-08-22,2023-08-28,1
20230815,46102,Oglala Lakota County,SD,100.00,0.00,0.00,0.00,0.00,0.00,2023-08-15,2023-08-21,1
20230808,46102,Oglala Lakota County,SD,100.00,0.00,0.00,0.00,0.00,0.00,2023-08-08,2023-08-14,1
20230801,46102,Oglala Lakota County,SD,100.00,0.00,0.00,0.00,0.00,0.00,2023-08-01,2023-08-07,1
20230725,46102,Oglala Lakota County,SD,100.00,0.00,0.00,0.00,0.00,0.00,2023-07-25,2023-07-31,1
20230718,46102,Oglala Lakota County,SD,100.00,0.00,0.00,0.00,0.00,0.00,2023-07-18,2023-07-24,1
20230711,46102,Oglala Lakota County,SD,100.00,0.00,0.00,0.00,0.00,0.00,2023-07-11,2023-07-17,1
20230704,46102,Oglala Lakota County,SD,100.00,0.00,0.00,0.00,0.00,0.00,2023-07-04,2023-07-10,1
20230627,46102,Oglala Lakota County,SD,100.00,0.00,0.00,0.00,0.00,0.00,2023-06-27,2023-07-03,1
20230620,46102,Oglala Lakota County,SD,23.02,76.98,0.00,0.00,0.00,0.00,2023-06-20,2023-06-26,1
20230613,46102,Oglala Lakota County,SD,23.02,76.98,0.00,0.00,0.00,0.00,2023-06-13,2023-06-19,1
20230606,46102,Oglala Lakota County,SD,0.00,100.00,0.00,0.00,0.00,0.00,2023-06-06,2023-06-12,1
20230530,46102,Oglala Lakota County,SD,0.00,100.00,0.00,0.00,0.00,0.00,2023-05-30,2023-06-05,1
20230523,46102,Oglala Lakota County,SD,0.00,100.00,0.00,0.00,0.00,0.00,2023-05-23,2023-05-29,1
20230516,46102,Oglala Lakota County,SD,0.00,100.00,0.00,0.00,0.00,0.00,2023-05-16,2023-05-22,1
20230509,46102,Oglala Lakota County,SD,0.00,100.00,99.42,0.00,0.00,0.00,2023-05-09,2023-05-15,1
20230502,46102,Oglala Lakota County,SD,0.00,100.00,99.42,0.00,0.00,0.00,2023-05-02,2023-05-08,1
20230425,46102,Oglala Lakota County,SD,0.00,100.00,99.44,0.00,0.00,0.00,2023-04-25,2023-05-01,1
20230418,46102,Oglala Lakota County,SD,0.00,100.00,99.44,0.00,0.00,0.00,2023-04-18,2023-04-24,1
20230411,46102,Oglala Lakota County,SD,0.00,100.00,99.44,0.00,0.00,0.00,2023-04-11,2023-04-17,1
20230404,46102,Oglala Lakota County,SD,0.00,100.00,99.44,0.00,0.00,0.00,2023-04-04,2023-04-10,1
20230328,46102,Oglala Lakota County,SD,0.00,100.00,99.44,0.00,0.00,0.00,2023-03-28,2023-04-03,1
20230321,46102,Oglala Lakota County,SD,0.00,100.00,100.00,0.00,0.00,0.00,2023-03-21,2023-03-27,1
20230314,46102,Oglala Lakota County,SD,0.00,100.00,100.00,0.00,0.00,0.00,2023-03-14,2023-03-20,1
20230307,46102,Oglala Lakota County,SD,0.00,100.00,100.00,0.00,0.00,0.00,2023-03-07,2023-03-13,1
20230228,46102,Oglala Lakota County,SD,0.00,100.00,100.00,0.00,0.00,0.00,2023-02-28,2023-03-06,1
20230221,46102,Oglala Lakota County,SD,0.00,100.00,100.00,0.00,0.00,0.00,2023-02-21,2023-02-27,1
20230214,46102,Oglala Lakota County,SD,0.00,100.00,100.00,0.00,0.00,0.00,2023-02-14,2023-02-20,1
20230207,46102,Oglala Lakota County,SD,0.00,100.00,93.84,13.58,0.00,0.00,2023-02-07,2023-02-13,1
20230131,46102,Oglala Lakota County,SD,0.00,100.00,93.84,13.58,0.00,0.00,2023-01-31,2023-02-06,1
20230124,46102,Oglala Lakota County,SD,0.00,100.00,93.84,13.58,0.00,0.00,2023-01-24,2023-01-30,1
20230117,46102,Oglala Lakota County,SD,0.00,100.00,93.84,13.58,0.00,0.00,2023-01-17,2023-01-23,1
20230110,46102,Oglala Lakota County,SD,0.00,100.00,93.84,13.58,0.00,0.00,2023-01-10,2023-01-16,1
20230103,46102,Oglala Lakota County,SD,0.00,100.00,93.84,13.58,0.00,0.00,2023-01-03,2023-01-09,1
20221227,46102,Oglala Lakota County,SD,0.00,100.00,93.84,13.58,0.00,0.00,2022-12-27,2023-01-02,1
20221220,46102,Oglala Lakota County,SD,0.00,100.00,93.84,13.58,0.00,0.00,2022-12-20,2022-12-26,1
20221213,46102,Oglala Lakota County,SD,0.00,100.00,93.84,80.90,13.58,0.00,2022-12-13,2022-12-19,1
20221206,46102,Oglala Lakota County,SD,0.00,100.00,93.84,80.90,13.58,0.00,2022-12-06,2022-12-12,1
20221129,46102,Oglala Lakota County,SD,0.00,100.00,93.84,80.90,13.58,0.00,2022-11-29,2022-12-05,1
20221122,46102,Oglala Lakota County,SD,0.00,100.00,93.92,80.90,13.58,0.00,2022-11-22,2022-11-28,1
20221115,46102,Oglala Lakota County,SD,0.00,100.00,93.92,80.85,13.58,0.00,2022-11-15,2022-11-21,1
20221108,46102,Oglala Lakota County,SD,0.00,100.00,93.92,80.85,13.58,0.00,2022-11-08,2022-11-14,1
20221101,46102,Oglala Lakota County,SD,0.00,100.00,93.92,80.71,13.58,0.00,2022-11-01,2022-11-07,1
20221025,46102,Oglala Lakota County,SD,0.00,100.00,93.91,80.71,13.58,0.00,2022-10-25,2022-10-31,1
20221018,46102,Oglala Lakota County,SD,0.00,100.00,93.91,80.71,13.58,0.00,2022-10-18,2022-10-24,1
20221011,46102,Oglala Lakota County,SD,0.00,100.00,93.91,80.70,13.58,0.00,2022-10-11,2022-10-17,1
20221004,46102,Oglala Lakota County,SD,0.00,100.00,93.91,27.48,0.00,0.00,2022-10-04,2022-10-10,1
20220927,46102,Oglala Lakota County,SD,0.00,100.00,93.71,21.47,0.00,0.00,2022-09-27,2022-10-03,1
20220920,46102,Oglala Lakota County,SD,0.00,100.00,93.71,21.47,0.00,0.00,2022-09-20,2022-09-26,1
20220913,46102,Oglala Lakota County,SD,0.00,100.00,93.71,1.58,0.00,0.00,2022-09-13,2022-09-19,1
20220906,46102,Oglala Lakota County,SD,0.00,100.00,86.82,1.58,0.00,0.00,2022-09-06,2022-09-12,1
20220830,46102,Oglala Lakota County,SD,0.00,100.00,86.82,1.58,0.00,0.00,2022-08-30,2022-09-05,1
20220823,46102,Oglala Lakota County,SD,0.00,100.00,93.07,1.58,0.00,0.00,2022-08-23,2022-08-29,1
20220816,46102,Oglala Lakota County,SD,0.00,100.00,93.07,1.58,0.00,0.00,2022-08-16,2022-08-22,1
20220809,46102,Oglala Lakota County,SD,0.00,100.00,93.02,1.52,0.00,0.00,2022-08-09,2022-08-15,1
20220802,46102,Oglala Lakota County,SD,0.00,100.00,93.21,0.00,0.00,0.00,2022-08-02,2022-08-08,1
20220726,46102,Oglala Lakota County,SD,0.00,100.00,93.21,0.00,0.00,0.00,2022-07-26,2022-08-01,1
20220719,46102,Oglala Lakota County,SD,0.00,100.00,100.00,0.00,0.00,0.00,2022-07-19,2022-07-25,1
20220712,46102,Oglala Lakota County,SD,0.00,100.00,42.60,0.00,0.00,0.00,2022-07-12,2022-07-18,1
20220705,46102,Oglala Lakota County,SD,0.00,100.00,12.72,0.00,0.00,0.00,2022-07-05,2022-07-11,1
20220628,46102,Oglala Lakota County,SD,0.00,100.00,34.68,0.00,0.00,0.00,2022-06-28,2022-07-04,1
20220621,46102,Oglala Lakota County,SD,0.00,100.00,34.68,0.00,0.00,0.00,2022-06-21,2022-06-27,1
20220614,46102,Oglala Lakota County,SD,0.00,100.00,34.68,0.00,0.00,0.00,2022-06-14,2022-06-20,1
20220607,46102,Oglala Lakota County,SD,0.00,100.00,34.68,0.00,0.00,0.00,2022-06-07,2022-06-13,1
20220531,46102,Oglala Lakota County,SD,0.00,100.00,100.00,0.00,0.00,0.00,2022-05-31,2022-06-06,1
20220524,46102,Oglala Lakota County,SD,0.00,100.00,100.00,0.00,0.00,0.00,2022-05-24,2022-05-30,1
20220517,46102,Oglala Lakota County,SD,0.00,100.00,100.00,0.00,0.00,0.00,2022-05-17,2022-05-23,1
20220510,46102,Oglala Lakota County,SD,0.00,100.00,100.00,0.00,0.00,0.00,2022-05-10,2022-05-16,1
20220503,46102,Oglala Lakota County,SD,0.00,100.00,100.00,3.46,0.00,0.00,2022-05-03,2022-05-09,1
20220426,46102,Oglala Lakota County,SD,0.00,100.00,100.00,3.46,0.00,0.00,2022-04-26,2022-05-02,1
20220419,46102,Oglala Lakota County,SD,0.00,100.00,100.00,10.86,0.00,0.00,2022-04-19,2022-04-25,1
20220412,46102,Oglala Lakota County,SD,0.00,100.00,100.00,10.86,0.00,0.00,2022-04-12,2022-04-18,1
20220405,46102,Oglala Lakota County,SD,0.00,100.00,100.00,10.86,0.00,0.00,2022-04-05,2022-04-11,1
20220329,46102,Oglala Lakota County,SD,0.00,100.00,100.00,10.86,0.00,0.00,2022-03-29,2022-04-04,1
20220322,46102,Oglala Lakota County,SD,0.00,100.00,100.00,0.00,0.00,0.00,2022-03-22,2022-03-28,1
20220315,46102,Oglala Lakota County,SD,0.00,100.00,100.00,0.00,0.00,0.00,2022-03-15,2022-03-21,1
20220308,46102,Oglala Lakota County,SD,0.00,100.00,100.00,0.00,0.00,0.00,2022-03-08,2022-03-14,1
20220301,46102,Oglala Lakota County,SD,0.00,100.00,100.00,0.00,0.00,0.00,2022-03-01,2022-03-07,1
20220222,46102,Oglala Lakota County,SD,0.00,100.00,100.00,0.00,0.00,0.00,2022-02-22,2022-02-28,1
20220215,46102,Oglala Lakota County,SD,0.00,100.00,100.00,0.00,0.00,0.00,2022-02-15,2022-02-21,1
20220208,46102,Oglala Lakota County,SD,0.00,100.00,71.77,0.00,0.00,0.00,2022-02-08,2022-02-14,1
20220201,46102,Oglala Lakota County,SD,0.00,100.00,71.77,0.00,0.00,0.00,2022-02-01,2022-02-07,1
20220125,46102,Oglala Lakota County,SD,0.00,100.00,71.77,0.00,0.00,0.00,2022-01-25,2022-01-31,1
20220118,46102,Oglala Lakota County,SD,0.00,100.00,71.77,0.00,0.00,0.00,2022-01-18,2022-01-24,1
20220111,46102,Oglala Lakota County,SD,0.00,100.00,0.00,0.00,0.00,0.00,2022-01-11,2022-01-17,1
20220104,46102,Oglala Lakota County,SD,0.00,100.00,0.00,0.00,0.00,0.00,2022-01-04,2022-01-10,1
20211228,46102,Oglala Lakota County,SD,0.00,100.00,0.00,0.00,0.00,0.00,2021-12-28,2022-01-03,1
20211221,46102,Oglala Lakota County,SD,0.00,100.00,0.00,0.00,0.00,0.00,2021-12-21,2021-12-27,1
20211214,46102,Oglala Lakota County,SD,0.00,100.00,0.00,0.00,0.00,0.00,2021-12-14,2021-12-20,1
20211207,46102,Oglala Lakota County,SD,0.00,100.00,23.15,0.00,0.00,0.00,2021-12-07,2021-12-13,1
20211130,46102,Oglala Lakota County,SD,0.00,100.00,23.15,0.00,0.00,0.00,2021-11-30,2021-12-06,1
20211123,46102,Oglala Lakota County,SD,0.00,100.00,23.15,0.00,0.00,0.00,2021-11-23,2021-11-29,1
20211116,46102,Oglala Lakota County,SD,0.00,100.00,23.15,0.00,0.00,0.00,2021-11-16,2021-11-22,1
20211109,46102,Oglala Lakota County,SD,0.00,100.00,23.15,0.00,0.00,0.00,2021-11-09,2021-11-15,1
20211102,46102,Oglala Lakota County,SD,0.00,100.00,23.15,0.00,0.00,0.00,2021-11-02,2021-11-08,1
20211026,46102,Oglala Lakota County,SD,0.00,100.00,94.42,23.08,0.00,0.00,2021-10-26,2021-11-01,1
20211019,46102,Oglala Lakota County,SD,0.00,100.00,94.86,21.75,0.00,0.00,2021-10-19,2021-10-25,1
20211012,46102,Oglala Lakota County,SD,0.00,100.00,100.00,22.26,0.00,0.00,2021-10-12,2021-10-18,1
20211005,46102,Oglala Lakota County,SD,0.00,100.00,100.00,19.73,0.00,0.00,2021-10-05,2021-10-11,1
20210928,46102,Oglala Lakota County,SD,0.00,100.00,100.00,13.83,0.00,0.00,2021-09-28,2021-10-04,1
20210921,46102,Oglala Lakota County,SD,0.00,100.00,100.00,9.52,0.00,0.00,2021-09-21,2021-09-27,1
20210914,46102,Oglala Lakota County,SD,0.00,100.00,100.00,9.52,0.00,0.00,2021-09-14,2021-09-20,1
20210907,46102,Oglala Lakota County,SD,0.00,100.00,100.00,9.51,0.00,0.00,2021-09-07,2021-09-13,1
20210831,46102,Oglala Lakota County,SD,0.00,100.00,100.00,0.00,0.00,0.00,2021-08-31,2021-09-06,1
20210824,46102,Oglala Lakota County,SD,0.00,100.00,100.00,0.00,0.00,0.00,2021-08-24,2021-08-30,1
20210817,46102,Oglala Lakota County,SD,0.00,100.00,100.00,0.00,0.00,0.00,2021-08-17,2021-08-23,1
20210810,46102,Oglala Lakota County,SD,0.00,100.00,100.00,0.00,0.00,0.00,2021-08-10,2021-08-16,1
20210803,46102,Oglala Lakota County,SD,0.00,100.00,43.52,0.00,0.00,0.00,2021-08-03,2021-08-09,1
20210727,46102,Oglala Lakota County,SD,0.00,100.00,43.52,0.00,0.00,0.00,2021-07-27,2021-08-02,1
20210720,46102,Oglala Lakota County,SD,0.00,100.00,39.89,0.00,0.00,0.00,2021-07-20,2021-07-26,1
20210713,46102,Oglala Lakota County,SD,0.00,100.00,39.18,0.00,0.00,0.00,2021-07-13,2021-07-19,1
20210706,46102,Oglala Lakota County,SD,0.00,100.00,2.91,0.00,0.00,0.00,2021-07-06,2021-07-12,1
20210629,46102,Oglala Lakota County,SD,0.00,100.00,2.54,0.00,0.00,0.00,2021-06-29,2021-07-05,1
20210622,46102,Oglala Lakota County,SD,0.00,100.00,2.54,0.00,0.00,0.00,2021-06-22,2021-06-28,1
20210615,46102,Oglala Lakota County,SD,0.00,100.00,2.54,0.00,0.00,0.00,2021-06-15,2021-06-21,1
20210608,46102,Oglala Lakota County,SD,0.00,100.00,2.54,0.00,0.00,0.00,2021-06-08,2021-06-14,1
20210601,46102,Oglala Lakota County,SD,0.00,100.00,3.69,0.00,0.00,0.00,2021-06-01,2021-06-07,1
20210525,46102,Oglala Lakota County,SD,0.00,100.00,3.82,0.00,0.00,0.00,2021-05-25,2021-05-31,1
20210518,46102,Oglala Lakota County,SD,0.00,100.00,98.13,0.00,0.00,0.00,2021-05-18,2021-05-24,1
20210511,46102,Oglala Lakota County,SD,0.00,100.00,98.13,0.00,0.00,0.00,2021-05-11,2021-05-17,1
20210504,46102,Oglala Lakota County,SD,0.00,100.00,98.13,0.00,0.00,0.00,2021-05-04,2021-05-10,1
20210427,46102,Oglala Lakota County,SD,0.00,100.00,98.13,0.00,0.00,0.00,2021-04-27,2021-05-03,1
20210420,46102,Oglala Lakota County,SD,0.00,100.00,98.13,0.00,0.00,0.00,2021-04-20,2021-04-26,1
20210413,46102,Oglala Lakota County,SD,0.00,100.00,98.13,0.00,0.00,0.00,2021-04-13,2021-04-19,1
20210406,46102,Oglala Lakota County,SD,0.00,100.00,98.13,0.00,0.00,0.00,2021-04-06,2021-04-12,1
20210330,46102,Oglala Lakota County,SD,0.00,100.00,98.13,0.00,0.00,0.00,2021-03-30,2021-04-05,1
20210323,46102,Oglala Lakota County,SD,0.00,100.00,98.13,0.00,0.00,0.00,2021-03-23,2021-03-29,1
20210316,46102,Oglala Lakota County,SD,0.00,100.00,97.93,0.00,0.00,0.00,2021-03-16,2021-03-22,1
20210309,46102,Oglala Lakota County,SD,0.00,100.00,100.00,96.26,0.00,0.00,2021-03-09,2021-03-15,1
20210302,46102,Oglala Lakota County,SD,0.00,100.00,100.00,96.26,0.00,0.00,2021-03-02,2021-03-08,1
20210223,46102,Oglala Lakota County,SD,0.00,100.00,100.00,96.26,0.00,0.00,2021-02-23,2021-03-01,1
20210216,46102,Oglala Lakota County,SD,0.00,100.00,100.00,15.25,0.00,0.00,2021-02-16,2021-02-22,1
20210209,46102,Oglala Lakota County,SD,0.00,100.00,100.00,58.01,14.59,0.00,2021-02-09,2021-02-15,1
20210202,46102,Oglala Lakota County,SD,0.00,100.00,100.00,58.01,14.59,0.00,2021-02-02,2021-02-08,1
20210126,46102,Oglala Lakota County,SD,0.00,100.00,100.00,58.01,14.59,0.00,2021-01-26,2021-02-01,1
20210119,46102,Oglala Lakota County,SD,0.00,100.00,100.00,58.01,14.59,0.00,2021-01-19,2021-01-25,1
20210112,46102,Oglala Lakota County,SD,0.00,100.00,100.00,57.14,14.59,0.00,2021-01-12,2021-01-18,1
20210105,46102,Oglala Lakota County,SD,0.00,100.00,100.00,57.18,14.59,0.00,2021-01-05,2021-01-11,1
20201229,46102,Oglala Lakota County,SD,0.00,100.00,100.00,57.18,14.59,0.00,2020-12-29,2021-01-04,1
20201222,46102,Oglala Lakota County,SD,0.00,100.00,100.00,57.18,14.59,0.00,2020-12-22,2020-12-28,1
20201215,46102,Oglala Lakota County,SD,0.00,100.00,100.00,57.18,14.59,0.00,2020-12-15,2020-12-21,1
20201208,46102,Oglala Lakota County,SD,0.00,100.00,100.00,56.49,14.59,0.00,2020-12-08,2020-12-14,1
20201201,46102,Oglala Lakota County,SD,0.00,100.00,100.00,56.49,14.59,0.00,2020-12-01,2020-12-07,1
20201124,46102,Oglala Lakota County,SD,0.00,100.00,100.00,56.49,14.59,0.00,2020-11-24,2020-11-30,1
20201117,46102,Oglala Lakota County,SD,0.00,100.00,100.00,56.49,14.59,0.00,2020-11-17,2020-11-23,1
20201110,46102,Oglala Lakota County,SD,0.00,100.00,100.00,56.49,14.59,0.00,2020-11-10,2020-11-16,1
20201103,46102,Oglala Lakota County,SD,0.00,100.00,100.00,56.49,14.59,0.00,2020-11-03,2020-11-09,1
20201027,46102,Oglala Lakota County,SD,0.00,100.00,100.00,56.49,14.59,0.00,2020-10-27,2020-11-02,1
20201020,46102,Oglala Lakota County,SD,0.00,100.00,100.00,56.49,14.59,0.00,2020-10-20,2020-10-26,1
20201013,46102,Oglala Lakota County,SD,0.00,100.00,100.00,56.49,14.59,0.00,2020-10-13,2020-10-19,1
20201006,46102,Oglala Lakota County,SD,0.00,100.00,100.00,56.49,14.59,0.00,2020-10-06,2020-10-12,1
20200929,46102,Oglala Lakota County,SD,0.00,100.00,100.00,56.45,0.00,0.00,2020-09-29,2020-10-05,1
20200922,46102,Oglala Lakota County,SD,0.00,100.00,100.00,54.05,0.00,0.00,2020-09-22,2020-09-28,1
20200915,46102,Oglala Lakota County,SD,0.00,100.00,100.00,53.99,0.00,0.00,2020-09-15,2020-09-21,1
20200908,46102,Oglala Lakota County,SD,0.00,100.00,100.00,40.53,0.00,0.00,2020-09-08,2020-09-14,1
20200901,46102,Oglala Lakota County,SD,0.00,100.00,100.00,40.53,0.00,0.00,2020-09-01,2020-09-07,1
20200825,46102,Oglala Lakota County,SD,0.00,100.00,100.00,9.68,0.00,0.00,2020-08-25,2020-08-31,1
20200818,46102,Oglala Lakota County,SD,0.00,100.00,100.00,9.68,0.00,0.00,2020-08-18,2020-08-24,1
20200811,46102,Oglala Lakota County,SD,0.00,100.00,100.00,9.57,0.00,0.00,2020-08-11,2020-08-17,1
20200804,46102,Oglala Lakota County,SD,0.00,100.00,100.00,9.57,0.00,0.00,2020-08-04,2020-08-10,1
20200728,46102,Oglala Lakota County,SD,0.00,100.00,100.00,9.57,0.00,0.00,2020-07-28,2020-08-03,1
20200721,46102,Oglala Lakota County,SD,0.00,100.00,100.00,0.00,0.00,0.00,2020-07-21,2020-07-27,1
20200714,46102,Oglala Lakota County,SD,0.00,100.00,100.00,0.00,0.00,0.00,2020-07-14,2020-07-20,1
20200707,46102,Oglala Lakota County,SD,0.00,100.00,72.29,0.00,0.00,0.00,2020-07-07,2020-07-13,1
20200630,46102,Oglala Lakota County,SD,0.00,100.00,72.29,0.00,0.00,0.00,2020-06-30,2020-07-06,1
20200623,46102,Oglala Lakota County,SD,0.00,100.00,70.41,0.00,0.00,0.00,2020-06-23,2020-06-29,1
20200616,46102,Oglala Lakota County,SD,8.79,91.21,0.00,0.00,0.00,0.00,2020-06-16,2020-06-22,1
20200609,46102,Oglala Lakota County,SD,100.00,0.00,0.00,0.00,0.00,0.00,2020-06-09,2020-06-15,1
20200602,46102,Oglala Lakota County,SD,41.24,58.76,0.00,0.00,0.00,0.00,2020-06-02,2020-06-08,1
20200526,46102,Oglala Lakota County,SD,100.00,0.00,0.00,0.00,0.00,0.00,2020-05-26,2020-06-01,1
20200519,46102,Oglala Lakota County,SD,100.00,0.00,0.00,0.00,0.00,0.00,2020-05-19,2020-05-25,1
20200512,46102,Oglala Lakota County,SD,100.00,0.00,0.00,0.00,0.00,0.00,2020-05-12,2020-05-18,1
20200505,46102,Oglala Lakota County,SD,100.00,0.00,0.00,0.00,0.00,0.00,2020-05-05,2020-05-11,1
20200428,46102,Oglala Lakota County,SD,100.00,0.00,0.00,0.00,0.00,0.00,2020-04-28,2020-05-04,1
20200421,46102,Oglala Lakota County,SD,100.00,0.00,0.00,0.00,0.00,0.00,2020-04-21,2020-04-27,1
20200414,46102,Oglala Lakota County,SD,100.00,0.00,0.00,0.00,0.00,0.00,2020-04-14,2020-04-20,1
20200407,46102,Oglala Lakota County,SD,100.00,0.00,0.00,0.00,0.00,0.00,2020-04-07,2020-04-13,1
20200331,46102,Oglala Lakota County,SD,100.00,0.00,0.00,0.00,0.00,0.00,2020-03-31,2020-04-06,1
20200324,46102,Oglala Lakota County,SD,100.00,0.00,0.00,0.00,0.00,0.00,2020-03-24,2020-03-30,1
20200317,46102,Oglala Lakota County,SD,100.00,0.00,0.00,0.00,0.00,0.00,2020-03-17,2020-03-23,1
20200310,46102,Oglala Lakota County,SD,100.00,0.00,0.00,0.00,0.00,0.00,2020-03-10,2020-03-16,1
20200303,46102,Oglala Lakota County,SD,100.00,0.00,0.00,0.00,0.00,0.00,2020-03-03,2020-03-09,1
20200225,46102,Oglala Lakota County,SD,100.00,0.00,0.00,0.00,0.00,0.00,2020-02-25,2020-03-02,1
20200218,46102,Oglala Lakota County,SD,100.00,0.00,0.00,0.00,0.00,0.00,2020-02-18,2020-02-24,1
20200211,46102,Oglala Lakota County,SD,100.00,0.00,0.00,0.00,0.00,0.00,2020-02-11,2020-02-17,1
20200204,46102,Oglala Lakota County,SD,100.00,0.00,0.00,0.00,0.00,0.00,2020-02-04,2020-02-10,1
20200128,46102,Oglala Lakota County,SD,100.00,0.00,0.00,0.00,0.00,0.00,2020-01-28,2020-02-03,1
20200121,46102,Oglala Lakota County,SD,100.00,0.00,0.00,0.00,0.00,0.00,2020-01-21,2020-01-27,1
20200114,46102,Oglala Lakota County,SD,100.00,0.00,0.00,0.00,0.00,0.00,2020-01-14,2020-01-20,1
20200107,46102,Oglala Lakota County,SD,100.00,0.00,0.00,0.00,0.00,0.00,2020-01-07,2020-01-13,1
20191231,46102,Oglala Lakota County,SD,100.00,0.00,0.00,0.00,0.00,0.00,2019-12-31,2020-01-06,1
20191224,46102,Oglala Lakota County,SD,100.00,0.00,0.00,0.00,0.00,0.00,2019-12-24,2019-12-30,1
20191217,46102,Oglala Lakota County,SD,100.00,0.00,0.00,0.00,0.00,0.00,2019-12-17,2019-12-23,1
20191210,46102,Oglala Lakota County,SD,100.00,0.00,0.00,0.00,0.00,0.00,2019-12-10,2019-12-16,1
20191203,46102,Oglala Lakota County,SD,100.00,0.00,0.00,0.00,0.00,0.00,2019-12-03,2019-12-09,1
20191126,46102,Oglala Lakota County,SD,100.00,0.00,0.00,0.00,0.00,0.00,2019-11-26,2019-12-02,1
20191119,46102,Oglala Lakota County,SD,100.00,0.00,0.00,0.00,0.00,0.00,2019-11-19,2019-11-25,1
20191112,46102,Oglala Lakota County,SD,100.00,0.00,0.00,0.00,0.00,0.00,2019-11-12,2019-11-18,1
20191105,46102,Oglala Lakota County,SD,100.00,0.00,0.00,0.00,0.00,0.00,2019-11-05,2019-11-11,1
20191029,46102,Oglala Lakota County,SD,100.00,0.00,0.00,0.00,0.00,0.00,2019-10-29,2019-11-04,1
20191022,46102,Oglala Lakota County,SD,100.00,0.00,0.00,0.00,0.00,0.00,2019-10-22,2019-10-28,1
20191015,46102,Oglala Lakota County,SD,100.00,0.00,0.00,0.00,0.00,0.00,2019-10-15,2019-10-21,1
20191008,46102,Oglala Lakota County,SD,100.00,0.00,0.00,0.00,0.00,0.00,2019-10-08,2019-10-14,1
20191001,46102,Oglala Lakota County,SD,100.00,0.00,0.00,0.00,0.00,0.00,2019-10-01,2019-10-07,1
20190924,46102,Oglala Lakota County,SD,100.00,0.00,0.00,0.00,0.00,0.00,2019-09-24,2019-09-30,1
20190917,46102,Oglala Lakota County,SD,100.00,0.00,0.00,0.00,0.00,0.00,2019-09-17,2019-09-23,1
20190910,46102,Oglala Lakota County,SD,100.00,0.00,0.00,0.00,0.00,0.00,2019-09-10,2019-09-16,1
20190903,46102,Oglala Lakota County,SD,100.00,0.00,0.00,0.00,0.00,0.00,2019-09-03,2019-09-09,1
20190827,46102,Oglala Lakota County,SD,100.00,0.00,0.00,0.00,0.00,0.00,2019-08-27,2019-09-02,1
20190820,46102,Oglala Lakota County,SD,100.00,0.00,0.00,0.00,0.00,0.00,2019-08-20,2019-08-26,1
20190813,46102,Oglala Lakota County,SD,100.00,0.00,0.00,0.00,0.00,0.00,2019-08-13,2019-08-19,1
20190806,46102,Oglala Lakota County,SD,100.00,0.00,0.00,0.00,0.00,0.00,2019-08-06,2019-08-12,1
20190730,46102,Oglala Lakota County,SD,100.00,0.00,0.00,0.00,0.00,0.00,2019-07-30,2019-08-05,1
20190723,46102,Oglala Lakota County,SD,100.00,0.00,0.00,0.00,0.00,0.00,2019-07-23,2019-07-29,1
20190716,46102,Oglala Lakota County,SD,100.00,0.00,0.00,0.00,0.00,0.00,2019-07-16,2019-07-22,1
20190709,46102,Oglala Lakota County,SD,100.00,0.00,0.00,0.00,0.00,0.00,2019-07-09,2019-07-15,1
20190702,46102,Oglala Lakota County,SD,100.00,0.00,0.00,0.00,0.00,0.00,2019-07-02,2019-07-08,1
20190625,46102,Oglala Lakota County,SD,100.00,0.00,0.00,0.00,0.00,0.00,2019-06-25,2019-07-01,1
20190618,46102,Oglala Lakota County,SD,100.00,0.00,0.00,0.00,0.00,0.00,2019-06-18,2019-06-24,1
20190611,46102,Oglala Lakota County,SD,100.00,0.00,0.00,0.00,0.00,0.00,2019-06-11,2019-06-17,1
20190604,46102,Oglala Lakota County,SD,100.00,0.00,0.00,0.00,0.00,0.00,2019-06-04,2019-06-10,1
20190528,46102,Oglala Lakota County,SD,100.00,0.00,0.00,0.00,0.00,0.00,2019-05-28,2019-06-03,1
20190521,46102,Oglala Lakota County,SD,100.00,0.00,0.00,0.00,0.00,0.00,2019-05-21,2019-05-27,1
20190514,46102,Oglala Lakota County,SD,100.00,0.00,0.00,0.00,0.00,0.00,2019-05-14,2019-05-20,1
20190507,46102,Oglala Lakota County,SD,100.00,0.00,0.00,0.00,0.00,0.00,2019-05-07,2019-05-13,1
20190430,46102,Oglala Lakota County,SD,100.00,0.00,0.00,0.00,0.00,0.00,2019-04-30,2019-05-06,1
20190423,46102,Oglala Lakota County,SD,100.00,0.00,0.00,0.00,0.00,0.00,2019-04-23,2019-04-29,1
20190416,46102,Oglala Lakota County,SD,100.00,0.00,0.00,0.00,0.00,0.00,2019-04-16,2019-04-22,1
20190409,46102,Oglala Lakota County,SD,100.00,0.00,0.00,0.00,0.00,0.00,2019-04-09,2019-04-15,1
20190402,46102,Oglala Lakota County,SD,100.00,0.00,0.00,0.00,0.00,0.00,2019-04-02,2019-04-08,1
20190326,46102,Oglala Lakota County,SD,100.00,0.00,0.00,0.00,0.00,0.00,2019-03-26,2019-04-01,1
20190319,46102,Oglala Lakota County,SD,100.00,0.00,0.00,0.00,0.00,0.00,2019-03-19,2019-03-25,1
20190312,46102,Oglala Lakota County,SD,100.00,0.00,0.00,0.00,0.00,0.00,2019-03-12,2019-03-18,1
20190305,46102,Oglala Lakota County,SD,100.00,0.00,0.00,0.00,0.00,0.00,2019-03-05,2019-03-11,1
20190226,46102,Oglala Lakota County,SD,100.00,0.00,0.00,0.00,0.00,0.00,2019-02-26,2019-03-04,1
20190219,46102,Oglala Lakota County,SD,100.00,0.00,0.00,0.00,0.00,0.00,2019-02-19,2019-02-25,1
20190212,46102,Oglala Lakota County,SD,100.00,0.00,0.00,0.00,0.00,0.00,2019-02-12,2019-02-18,1
20190205,46102,Oglala Lakota County,SD,100.00,0.00,0.00,0.00,0.00,0.00,2019-02-05,2019-02-11,1
20190129,46102,Oglala Lakota County,SD,100.00,0.00,0.00,0.00,0.00,0.00,2019-01-29,2019-02-04,1
20190122,46102,Oglala Lakota County,SD,100.00,0.00,0.00,0.00,0.00,0.00,2019-01-22,2019-01-28,1
20190115,46102,Oglala Lakota County,SD,100.00,0.00,0.00,0.00,0.00,0.00,2019-01-15,2019-01-21,1
20190108,46102,Oglala Lakota County,SD,100.00,0.00,0.00,0.00,0.00,0.00,2019-01-08,2019-01-14,1
20190101,46102,Oglala Lakota County,SD,100.00,0.00,0.00,0.00,0.00,0.00,2019-01-01,2019-01-07,1
20181225,46102,Oglala Lakota County,SD,100.00,0.00,0.00,0.00,0.00,0.00,2018-12-25,2018-12-31,1
20181218,46102,Oglala Lakota County,SD,100.00,0.00,0.00,0.00,0.00,0.00,2018-12-18,2018-12-24,1
20181211,46102,Oglala Lakota County,SD,100.00,0.00,0.00,0.00,0.00,0.00,2018-12-11,2018-12-17,1
20181204,46102,Oglala Lakota County,SD,100.00,0.00,0.00,0.00,0.00,0.00,2018-12-04,2018-12-10,1
20181127,46102,Oglala Lakota County,SD,100.00,0.00,0.00,0.00,0.00,0.00,2018-11-27,2018-12-03,1
20181120,46102,Oglala Lakota County,SD,100.00,0.00,0.00,0.00,0.00,0.00,2018-11-20,2018-11-26,1
20181113,46102,Oglala Lakota County,SD,100.00,0.00,0.00,0.00,0.00,0.00,2018-11-13,2018-11-19,1
20181106,46102,Oglala Lakota County,SD,100.00,0.00,0.00,0.00,0.00,0.00,2018-11-06,2018-11-12,1
20181030,46102,Oglala Lakota County,SD,100.00,0.00,0.00,0.00,0.00,0.00,2018-10-30,2018-11-05,1
20181023,46102,Oglala Lakota County,SD,100.00,0.00,0.00,0.00,0.00,0.00,2018-10-23,2018-10-29,1
20181016,46102,Oglala Lakota County,SD,100.00,0.00,0.00,0.00,0.00,0.00,2018-10-16,2018-10-22,1
20181009,46102,Oglala Lakota County,SD,100.00,0.00,0.00,0.00,0.00,0.00,2018-10-09,2018-10-15,1
20181002,46102,Oglala Lakota County,SD,100.00,0.00,0.00,0.00,0.00,0.00,2018-10-02,2018-10-08,1
20180925,46102,Oglala Lakota County,SD,75.11,24.89,0.00,0.00,0.00,0.00,2018-09-25,2018-10-01,1
20180918,46102,Oglala Lakota County,SD,100.00,0.00,0.00,0.00,0.00,0.00,2018-09-18,2018-09-24,1
20180911,46102,Oglala Lakota County,SD,100.00,0.00,0.00,0.00,0.00,0.00,2018-09-11,2018-09-17,1
20180904,46102,Oglala Lakota County,SD,100.00,0.00,0.00,0.00,0.00,0.00,2018-09-04,2018-09-10,1
20180828,46102,Oglala Lakota County,SD,100.00,0.00,0.00,0.00,0.00,0.00,2018-08-28,2018-09-03,1
20180821,46102,Oglala Lakota County,SD,100.00,0.00,0.00,0.00,0.00,0.00,2018-08-21,2018-08-27,1
20180814,46102,Oglala Lakota County,SD,100.00,0.00,0.00,0.00,0.00,0.00,2018-08-14,2018-08-20,1
20180807,46102,Oglala Lakota County,SD,100.00,0.00,0.00,0.00,0.00,0.00,2018-08-07,2018-08-13,1
20180731,46102,Oglala Lakota County,SD,100.00,0.00,0.00,0.00,0.00,0.00,2018-07-31,2018-08-06,1
20180724,46102,Oglala Lakota County,SD,100.00,0.00,0.00,0.00,0.00,0.00,2018-07-24,2018-07-30,1
20180717,46102,Oglala Lakota County,SD,100.00,0.00,0.00,0.00,0.00,0.00,2018-07-17,2018-07-23,1
20180710,46102,Oglala Lakota County,SD,100.00,0.00,0.00,0.00,0.00,0.00,2018-07-10,2018-07-16,1
20180703,46102,Oglala Lakota County,SD,100.00,0.00,0.00,0.00,0.00,0.00,2018-07-03,2018-07-09,1
20180626,46102,Oglala Lakota County,SD,100.00,0.00,0.00,0.00,0.00,0.00,2018-06-26,2018-07-02,1
20180619,46102,Oglala Lakota County,SD,100.00,0.00,0.00,0.00,0.00,0.00,2018-06-19,2018-06-25,1
20180612,46102,Oglala Lakota County,SD,100.00,0.00,0.00,0.00,0.00,0.00,2018-06-12,2018-06-18,1
20180605,46102,Oglala Lakota County,SD,100.00,0.00,0.00,0.00,0.00,0.00,2018-06-05,2018-06-11,1
20180529,46102,Oglala Lakota County,SD,85.98,14.02,0.00,0.00,0.00,0.00,2018-05-29,2018-06-04,1
20180522,46102,Oglala Lakota County,SD,87.53,12.47,0.00,0.00,0.00,0.00,2018-05-22,2018-05-28,1
20180515,46102,Oglala Lakota County,SD,87.53,12.47,0.00,0.00,0.00,0.00,2018-05-15,2018-05-21,1
20180508,46102,Oglala Lakota County,SD,87.96,12.04,0.00,0.00,0.00,0.00,2018-05-08,2018-05-14,1
20180501,46102,Oglala Lakota County,SD,87.96,12.04,0.00,0.00,0.00,0.00,2018-05-01,2018-05-07,1
20180424,46102,Oglala Lakota County,SD,87.96,12.04,0.00,0.00,0.00,0.00,2018-04-24,2018-04-30,1
20180417,46102,Oglala Lakota County,SD,87.96,12.04,0.00,0.00,0.00,0.00,2018-04-17,2018-04-23,1
20180410,46102,Oglala Lakota County,SD,56.54,43.46,9.67,0.00,0.00,0.00,2018-04-10,2018-04-16,1
20180403,46102,Oglala Lakota County,SD,56.54,43.46,9.67,0.00,0.00,0.00,2018-04-03,2018-04-09,1
20180327,46102,Oglala Lakota County,SD,47.09,52.91,29.61,0.00,0.00,0.00,2018-03-27,2018-04-02,1
20180320,46102,Oglala Lakota County,SD,23.76,76.24,52.55,12.26,0.00,0.00,2018-03-20,2018-03-26,1
20180313,46102,Oglala Lakota County,SD,0.30,99.70,75.82,12.26,0.00,0.00,2018-03-13,2018-03-19,1
20180306,46102,Oglala Lakota County,SD,0.30,99.70,75.82,12.26,0.00,0.00,2018-03-06,2018-03-12,1
20180227,46102,Oglala Lakota County,SD,0.30,99.70,75.82,12.22,0.00,0.00,2018-02-27,2018-03-05,1
20180220,46102,Oglala Lakota County,SD,0.30,99.70,75.82,12.22,0.00,0.00,2018-02-20,2018-02-26,1
20180213,46102,Oglala Lakota County,SD,0.30,99.70,75.82,12.22,0.00,0.00,2018-02-13,2018-02-19,1
20180206,46102,Oglala Lakota County,SD,0.00,100.00,75.82,12.22,0.00,0.00,2018-02-06,2018-02-12,1
20180130,46102,Oglala Lakota County,SD,0.00,100.00,75.82,12.22,0.00,0.00,2018-01-30,2018-02-05,1
20180123,46102,Oglala Lakota County,SD,0.00,100.00,75.82,12.22,0.00,0.00,2018-01-23,2018-01-29,1
20180116,46102,Oglala Lakota County,SD,0.00,100.00,75.82,35.90,0.00,0.00,2018-01-16,2018-01-22,1
20180109,46102,Oglala Lakota County,SD,0.00,100.00,75.82,35.90,0.00,0.00,2018-01-09,2018-01-15,1
20180102,46102,Oglala Lakota County,SD,0.00,100.00,75.82,35.90,0.00,0.00,2018-01-02,2018-01-08,1
20171226,46102,Oglala Lakota County,SD,0.00,100.00,75.82,35.90,0.00,0.00,2017-12-26,2018-01-01,1
20171219,46102,Oglala Lakota County,SD,0.00,100.00,75.82,35.90,0.00,0.00,2017-12-19,2017-12-25,1
20171212,46102,Oglala Lakota County,SD,0.00,100.00,75.82,35.90,0.00,0.00,2017-12-12,2017-12-18,1
20171205,46102,Oglala Lakota County,SD,0.00,100.00,75.82,35.90,0.00,0.00,2017-12-05,2017-12-11,1
20171128,46102,Oglala Lakota County,SD,0.40,99.60,75.82,35.90,0.00,0.00,2017-11-28,2017-12-04,1
20171121,46102,Oglala Lakota County,SD,0.40,99.60,75.82,35.90,0.00,0.00,2017-11-21,2017-11-27,1
20171114,46102,Oglala Lakota County,SD,0.40,99.60,75.82,35.90,0.00,0.00,2017-11-14,2017-11-20,1
20171107,46102,Oglala Lakota County,SD,0.40,99.60,75.82,35.90,0.00,0.00,2017-11-07,2017-11-13,1
20171031,46102,Oglala Lakota County,SD,0.40,99.60,75.82,35.90,0.00,0.00,2017-10-31,2017-11-06,1
20171024,46102,Oglala Lakota County,SD,0.40,99.60,75.82,35.90,0.00,0.00,2017-10-24,2017-10-30,1
20171017,46102,Oglala Lakota County,SD,0.45,99.55,75.65,6.65,0.00,0.00,2017-10-17,2017-10-23,1
20171010,46102,Oglala Lakota County,SD,0.03,99.97,73.17,7.17,0.00,0.00,2017-10-10,2017-10-16,1
20171003,46102,Oglala Lakota County,SD,0.03,99.97,73.17,7.17,0.00,0.00,2017-10-03,2017-10-09,1
20170926,46102,Oglala Lakota County,SD,0.03,99.97,73.17,7.17,0.00,0.00,2017-09-26,2017-10-02,1
20170919,46102,Oglala Lakota County,SD,0.03,99.97,73.17,7.17,0.00,0.00,2017-09-19,2017-09-25,1
20170912,46102,Oglala Lakota County,SD,0.03,99.97,73.17,0.06,0.00,0.00,2017-09-12,2017-09-18,1
20170905,46102,Oglala Lakota County,SD,0.03,99.97,73.17,0.06,0.00,0.00,2017-09-05,2017-09-11,1
20170829,46102,Oglala Lakota County,SD,0.00,100.00,47.78,0.11,0.00,0.00,2017-08-29,2017-09-04,1
20170822,46102,Oglala Lakota County,SD,36.10,63.90,0.17,0.00,0.00,0.00,2017-08-22,2017-08-28,1
20170815,46102,Oglala Lakota County,SD,36.10,63.90,0.17,0.00,0.00,0.00,2017-08-15,2017-08-21,1
20170808,46102,Oglala Lakota County,SD,36.10,63.90,0.21,0.00,0.00,0.00,2017-08-08,2017-08-14,1
20170801,46102,Oglala Lakota County,SD,0.00,100.00,0.00,0.00,0.00,0.00,2017-08-01,2017-08-07,1
20170725,46102,Oglala Lakota County,SD,0.00,100.00,0.00,0.00,0.00,0.00,2017-07-25,2017-07-31,1
20170718,46102,Oglala Lakota County,SD,0.00,100.00,0.00,0.00,0.00,0.00,2017-07-18,2017-07-24,1
20170711,46102,Oglala Lakota County,SD,78.47,21.53,0.00,0.00,0.00,0.00,2017-07-11,2017-07-17,1
20170704,46102,Oglala Lakota County,SD,78.47,21.53,0.00,0.00,0.00,0.00,2017-07-04,2017-07-10,1
20170627,46102,Oglala Lakota County,SD,78.47,21.53,0.00,0.00,0.00,0.00,2017-06-27,2017-07-03,1
20170620,46102,Oglala Lakota County,SD,77.80,22.20,0.00,0.00,0.00,0.00,2017-06-20,2017-06-26,1
20170613,46102,Oglala Lakota County,SD,77.80,22.20,0.00,0.00,0.00,0.00,2017-06-13,2017-06-19,1
20170606,46102,Oglala Lakota County,SD,67.46,32.54,0.00,0.00,0.00,0.00,2017-06-06,2017-06-12,1
20170530,46102,Oglala Lakota County,SD,100.00,0.00,0.00,0.00,0.00,0.00,2017-05-30,2017-06-05,1
20170523,46102,Oglala Lakota County,SD,100.00,0.00,0.00,0.00,0.00,0.00,2017-05-23,2017-05-29,1
20170516,46102,Oglala Lakota County,SD,100.00,0.00,0.00,0.00,0.00,0.00,2017-05-16,2017-05-22,1
20170509,46102,Oglala Lakota County,SD,100.00,0.00,0.00,0.00,0.00,0.00,2017-05-09,2017-05-15,1
20170502,46102,Oglala Lakota County,SD,100.00,0.00,0.00,0.00,0.00,0.00,2017-05-02,2017-05-08,1
20170425,46102,Oglala Lakota County,SD,17.97,82.03,0.00,0.00,0.00,0.00,2017-04-25,2017-05-01,1
20170418,46102,Oglala Lakota County,SD,17.97,82.03,0.00,0.00,0.00,0.00,2017-04-18,2017-04-24,1
20170411,46102,Oglala Lakota County,SD,17.97,82.03,0.00,0.00,0.00,0.00,2017-04-11,2017-04-17,1
20170404,46102,Oglala Lakota County,SD,0.00,100.00,75.23,0.00,0.00,0.00,2017-04-04,2017-04-10,1
20170328,46102,Oglala Lakota County,SD,0.00,100.00,98.33,0.00,0.00,0.00,2017-03-28,2017-04-03,1
20170321,46102,Oglala Lakota County,SD,0.00,100.00,98.33,0.00,0.00,0.00,2017-03-21,2017-03-27,1
20170314,46102,Oglala Lakota County,SD,0.00,100.00,98.33,0.00,0.00,0.00,2017-03-14,2017-03-20,1
20170307,46102,Oglala Lakota County,SD,0.00,100.00,98.33,0.00,0.00,0.00,2017-03-07,2017-03-13,1
20170228,46102,Oglala Lakota County,SD,0.00,100.00,98.33,0.00,0.00,0.00,2017-02-28,2017-03-06,1
20170221,46102,Oglala Lakota County,SD,0.00,100.00,100.00,0.00,0.00,0.00,2017-02-21,2017-02-27,1
20170214,46102,Oglala Lakota County,SD,0.00,100.00,100.00,0.00,0.00,0.00,2017-02-14,2017-02-20,1
20170207,46102,Oglala Lakota County,SD,0.00,100.00,100.00,0.00,0.00,0.00,2017-02-07,2017-02-13,1
20170131,46102,Oglala Lakota County,SD,0.00,100.00,100.00,0.00,0.00,0.00,2017-01-31,2017-02-06,1
20170124,46102,Oglala Lakota County,SD,0.00,100.00,100.00,45.98,0.00,0.00,2017-01-24,2017-01-30,1
20170117,46102,Oglala Lakota County,SD,0.00,100.00,100.00,45.98,0.00,0.00,2017-01-17,2017-01-23,1
20170110,46102,Oglala Lakota County,SD,0.00,100.00,100.00,45.98,0.00,0.00,2017-01-10,2017-01-16,1
20170103,46102,Oglala Lakota County,SD,0.00,100.00,100.00,45.98,0.00,0.00,2017-01-03,2017-01-09,1
20161227,46102,Oglala Lakota County,SD,0.00,100.00,100.00,45.98,0.00,0.00,2016-12-27,2017-01-02,1
20161220,46102,Oglala Lakota County,SD,0.00,100.00,100.00,47.89,0.00,0.00,2016-12-20,2016-12-26,1
20161213,46102,Oglala Lakota County,SD,0.00,100.00,100.00,47.89,0.00,0.00,2016-12-13,2016-12-19,1
20161206,46102,Oglala Lakota County,SD,0.00,100.00,100.00,47.89,0.00,0.00,2016-12-06,2016-12-12,1
20161129,46102,Oglala Lakota County,SD,0.00,100.00,53.33,0.00,0.00,0.00,2016-11-29,2016-12-05,1
20161122,46102,Oglala Lakota County,SD,0.00,100.00,53.33,0.00,0.00,0.00,2016-11-22,2016-11-28,1
20161115,46102,Oglala Lakota County,SD,0.00,100.00,53.33,0.00,0.00,0.00,2016-11-15,2016-11-21,1
20161108,46102,Oglala Lakota County,SD,0.00,100.00,53.33,0.00,0.00,0.00,2016-11-08,2016-11-14,1
20161101,46102,Oglala Lakota County,SD,0.00,100.00,53.33,0.00,0.00,0.00,2016-11-01,2016-11-07,1
20161025,46102,Oglala Lakota County,SD,0.00,100.00,53.33,0.00,0.00,0.00,2016-10-25,2016-10-31,1
20161018,46102,Oglala Lakota County,SD,0.00,100.00,0.00,0.00,0.00,0.00,2016-10-18,2016-10-24,1
20161011,46102,Oglala Lakota County,SD,0.00,100.00,0.00,0.00,0.00,0.00,2016-10-11,2016-10-17,1
20161004,46102,Oglala Lakota County,SD,0.00,100.00,0.00,0.00,0.00,0.00,2016-10-04,2016-10-10,1
20160927,46102,Oglala Lakota County,SD,1.22,98.78,0.00,0.00,0.00,0.00,2016-09-27,2016-10-03,1
20160920,46102,Oglala Lakota County,SD,0.00,100.00,27.53,0.00,0.00,0.00,2016-09-20,2016-09-26,1
20160913,46102,Oglala Lakota County,SD,0.00,100.00,27.53,0.00,0.00,0.00,2016-09-13,2016-09-19,1
20160906,46102,Oglala Lakota County,SD,0.00,100.00,32.12,0.00,0.00,0.00,2016-09-06,2016-09-12,1
20160830,46102,Oglala Lakota County,SD,0.00,100.00,89.31,0.00,0.00,0.00,2016-08-30,2016-09-05,1
20160823,46102,Oglala Lakota County,SD,0.00,100.00,98.53,0.00,0.00,0.00,2016-08-23,2016-08-29,1
20160816,46102,Oglala Lakota County,SD,0.00,100.00,98.53,0.00,0.00,0.00,2016-08-16,2016-08-22,1
20160809,46102,Oglala Lakota County,SD,0.00,100.00,100.00,0.00,0.00,0.00,2016-08-09,2016-08-15,1
20160802,46102,Oglala Lakota County,SD,0.00,100.00,100.00,0.00,0.00,0.00,2016-08-02,2016-08-08,1
20160726,46102,Oglala Lakota County,SD,0.00,100.00,56.07,0.00,0.00,0.00,2016-07-26,2016-08-01,1
20160719,46102,Oglala Lakota County,SD,0.00,100.00,54.72,0.00,0.00,0.00,2016-07-19,2016-07-25,1
